congress,chamber,icpsr,state_icpsr,district_code,state_abbrev,party_code,occupancy,last_means,bioname,bioguide_id,born,died,nominate_dim1,nominate_dim2,nominate_log_likelihood,nominate_geo_mean_probability,nominate_number_of_votes,nominate_number_of_errors,conditional,nokken_poole_dim1,nokken_poole_dim2
119,President,99912,99,0,USA,200,0,0,"TRUMP, Donald John",,1946.0,,0.403,0.162,,,,,,,
119,House,20301,41,3,AL,200,,,"ROGERS, Mike Dennis",R000575,1958.0,,0.379,0.377,-13.59215,0.97496,536,5,,0.398,0.394
119,House,21102,41,7,AL,100,,,"SEWELL, Terri",S001185,1965.0,,-0.402,0.397,-42.25945,0.92446,538,19,,-0.41,0.458
119,House,21500,41,6,AL,200,,,"PALMER, Gary James",P000609,1954.0,,0.671,0.112,-37.64767,0.93302,543,20,,0.546,-0.002
119,House,22140,41,1,AL,200,,,"MOORE, Barry",M001212,1966.0,,0.647,-0.241,-49.74735,0.91152,537,20,,0.691,-0.206
119,House,22366,41,5,AL,200,,,"STRONG, Dale",S001220,1970.0,,0.604,0.384,-18.38035,0.96629,536,10,,0.478,0.727
119,House,22515,41,2,AL,100,,,"FIGURES, Shomari",F000481,1985.0,,-0.414,0.498,-44.27869,0.92113,539,18,,-0.414,0.502
119,House,29701,41,4,AL,200,,,"ADERHOLT, Robert",A000055,1965.0,,0.405,0.466,-13.91709,0.97442,537,6,,0.42,0.416
119,House,22503,81,1,AK,200,,,"BEGICH, Nicholas J., III",B001323,1977.0,,0.584,-0.18,-47.59915,0.91637,545,20,,0.584,-0.18
119,House,21995,93,0,AS,200,,,"RADEWAGEN, Aumua Amata Coleman",R000600,1947.0,,0.327,0.195,-0.65905,0.95057,13,0,,0.575,0.765
119,House,20305,61,7,AZ,100,,,"GRIJALVA, Raúl M.",G000551,1948.0,2025.0,-0.598,-0.264,-0.0,1.0,1,0,,-0.895,0.129
119,House,21103,61,9,AZ,200,,,"GOSAR, Paul",G000565,1958.0,,0.703,-0.518,-40.29095,0.92418,511,17,,0.704,-0.549
119,House,21105,61,1,AZ,200,,,"SCHWEIKERT, David",S001183,1962.0,,0.553,-0.219,-55.81835,0.90214,542,26,,0.533,-0.171
119,House,21705,61,5,AZ,200,,,"BIGGS, Andrew S.",B001302,1958.0,,0.818,-0.575,-38.0471,0.92715,503,16,,0.838,-0.545
119,House,21968,61,4,AZ,100,,,"STANTON, Greg",S001211,1970.0,,-0.28,0.249,-36.60014,0.934,536,16,,-0.269,0.178
119,House,22309,61,6,AZ,200,,,"CISCOMANI, Juan",C001133,1982.0,,0.299,0.53,-46.07311,0.91659,529,13,,0.42,0.108
119,House,22311,61,2,AZ,200,,,"CRANE, Eli",C001132,1980.0,,0.747,-0.664,-44.68805,0.92058,540,23,,0.764,-0.646
119,House,22500,61,3,AZ,100,,,"ANSARI, Yassamin",A000381,1992.0,,-0.432,-0.391,-25.16337,0.95463,542,9,,-0.432,-0.391
119,House,22522,61,8,AZ,200,,,"HAMADEH, Abraham J.",H001098,1991.0,,0.663,-0.055,-45.6313,0.91954,544,24,,0.663,-0.055
119,House,22565,61,7,AZ,100,,,"GRIJALVA, Adelita S.",G000606,,,-0.481,-0.676,-8.16424,0.97457,317,1,,-0.481,-0.676
119,House,21106,42,1,AR,200,,,"CRAWFORD, Rick",C001087,1966.0,,0.462,0.304,-26.92503,0.95127,539,12,,0.528,0.32
119,House,21108,42,3,AR,200,,,"WOMACK, Steve",W000809,1957.0,,0.347,0.636,-13.86629,0.97243,496,4,,0.335,0.619
119,House,21503,42,2,AR,200,,,"HILL, French",H001072,1956.0,,0.435,0.282,-16.23879,0.97059,544,5,,0.379,0.543
119,House,21563,42,4,AR,200,,,"WESTERMAN, Bruce",W000821,1967.0,,0.543,0.256,-26.46489,0.95269,546,14,,0.441,0.206
119,House,15448,71,11,CA,100,,,"PELOSI, Nancy",P000197,1940.0,,-0.489,-0.174,-21.75858,0.95839,512,13,,-0.466,0.116
119,House,20107,71,48,CA,200,,,"ISSA, Darrell",I000056,1953.0,,0.476,0.036,-28.1396,0.9495,543,14,,0.382,0.371
119,House,20310,71,38,CA,100,,,"SÁNCHEZ, Linda T.",S001156,1969.0,,-0.507,-0.129,-20.14606,0.96325,538,9,,-0.447,-0.134
119,House,20501,71,21,CA,100,,,"COSTA, Jim",C001059,1952.0,,-0.199,0.447,-100.69725,0.82667,529,53,,-0.317,0.688
119,House,20538,71,7,CA,100,,,"MATSUI, Doris",M001163,1944.0,,-0.433,-0.15,-23.59486,0.95786,548,10,,-0.412,-0.414
119,House,20903,71,5,CA,200,,,"McCLINTOCK, Tom",M001177,1956.0,,0.671,-0.358,-85.55584,0.8517,533,40,,0.65,-0.26
119,House,20955,71,28,CA,100,,,"CHU, Judy",C001080,1953.0,,-0.479,-0.369,-24.2275,0.95675,548,9,,-0.4,-0.344
119,House,20958,71,8,CA,100,,,"GARAMENDI, John",G000559,1945.0,,-0.312,-0.101,-38.219,0.92641,500,13,,-0.31,-0.31
119,House,21302,71,1,CA,200,,,"LAMALFA, Doug",L000578,1960.0,2026.0,0.542,0.007,-12.90376,0.95663,291,4,,0.576,0.048
119,House,21303,71,2,CA,100,,,"HUFFMAN, Jared",H001068,1964.0,,-0.432,-0.505,-21.2133,0.96148,540,9,,-0.5,-0.367
119,House,21304,71,6,CA,100,,,"BERA, Ami",B001287,1965.0,,-0.247,0.008,-45.86001,0.91814,537,19,,-0.288,-0.039
119,House,21306,71,14,CA,100,,,"SWALWELL, Eric",S001193,1980.0,,-0.355,-0.05,-14.50643,0.94553,259,8,,-0.271,-0.303
119,House,21307,71,22,CA,200,,,"VALADAO, David G.",V000129,1977.0,,0.256,0.438,-27.14707,0.9507,537,15,,0.242,0.449
119,House,21308,71,26,CA,100,,,"BROWNLEY, Julia",B001285,1952.0,,-0.306,0.048,-26.48945,0.95143,532,9,,-0.431,0.042
119,House,21311,71,25,CA,100,,,"RUIZ, Raul",R000599,1972.0,,-0.262,0.04,-42.55156,0.92463,543,17,,-0.379,0.065
119,House,21312,71,39,CA,100,,,"TAKANO, Mark",T000472,1960.0,,-0.457,-0.339,-16.22819,0.97072,546,7,,-0.4,-0.524
119,House,21314,71,52,CA,100,,,"VARGAS, Juan",V000130,1961.0,,-0.398,0.015,-46.30762,0.91767,539,13,,-0.435,-0.121
119,House,21315,71,50,CA,100,,,"PETERS, Scott",P000608,1958.0,,-0.194,-0.034,-53.36752,0.90639,543,20,,-0.226,-0.075
119,House,21504,71,10,CA,100,,,"DESAULNIER, Mark James",D000623,1952.0,,-0.507,-0.365,-17.7709,0.96751,538,7,,-0.429,-0.451
119,House,21506,71,33,CA,100,,,"AGUILAR, Peter Rey",A000371,1979.0,,-0.328,0.145,-25.69675,0.95394,545,8,,-0.456,0.298
119,House,21507,71,36,CA,100,,,"LIEU, Ted",L000582,1969.0,,-0.37,-0.196,-31.99596,0.94195,535,14,,-0.367,-0.01
119,House,21508,71,35,CA,100,,,"TORRES, Norma Judith",T000474,1965.0,,-0.365,0.074,-36.37119,0.93498,541,14,,-0.35,0.131
119,House,21703,71,44,CA,100,,,"BARRAGÁN, Nanette Diaz",B001300,1976.0,,-0.497,-0.122,-14.32144,0.97363,536,4,,-0.471,-0.152
119,House,21709,71,24,CA,100,,,"CARBAJAL, Salud",C001112,1964.0,,-0.324,0.099,-28.09844,0.94975,545,12,,-0.332,0.057
119,House,21711,71,46,CA,100,,,"CORREA, Jose Luis",C001110,1958.0,,-0.284,0.188,-84.54772,0.85047,522,31,,-0.377,0.548
119,House,21728,71,17,CA,100,,,"KHANNA, Ro",K000389,1976.0,,-0.458,-0.296,-25.57448,0.95383,541,10,,-0.386,-0.235
119,House,21740,71,19,CA,100,,,"PANETTA, James Varni",P000613,1969.0,,-0.28,0.189,-54.71056,0.90515,549,24,,-0.243,0.201
119,House,21754,71,34,CA,100,,,"GOMEZ, Jimmy",G000585,1974.0,,-0.532,-0.258,-33.02133,0.93893,524,13,,-0.518,-0.126
119,House,21907,71,31,CA,100,,,"CISNEROS, Gil",C001123,1971.0,,-0.46,0.563,-35.3552,0.93741,547,17,,-0.463,0.352
119,House,21930,71,9,CA,100,,,"HARDER, Josh",H001090,1986.0,,-0.295,0.411,-57.40573,0.9002,546,25,,-0.23,0.111
119,House,21939,71,49,CA,100,,,"LEVIN, Mike",L000593,1978.0,,-0.322,0.154,-27.71447,0.95051,546,13,,-0.301,0.095
119,House,22126,71,51,CA,100,,,"JACOBS, Sara",J000305,1989.0,,-0.417,-0.425,-15.51581,0.97208,548,5,,-0.511,-0.334
119,House,22129,71,40,CA,200,,,"KIM, Young",K000397,1962.0,,0.264,0.394,-20.89446,0.96245,546,6,,0.391,0.595
119,House,22145,71,23,CA,200,,,"OBERNOLTE, Jay",O000019,1970.0,,0.318,0.3,-37.4642,0.93357,545,13,,0.323,0.455
119,House,22323,71,42,CA,100,,,"GARCIA, Robert",G000598,1977.0,,-0.374,-0.588,-14.48389,0.97299,529,4,,-0.392,-0.408
119,House,22333,71,37,CA,100,,,"KAMLAGER-DOVE, Sydney",K000400,1972.0,,-0.516,-0.449,-17.79638,0.9671,532,6,,-0.498,-0.252
119,House,22336,71,3,CA,200,,,"KILEY, Kevin",K000401,1985.0,,0.253,0.418,-24.96588,0.93737,386,8,,0.26,0.306
119,House,22354,71,15,CA,100,,,"MULLIN, Kevin",M001225,1970.0,,-0.478,-0.007,-20.58837,0.96133,522,9,,-0.508,0.109
119,House,22378,71,20,CA,200,,,"FONG, Vince",F000480,1979.0,,0.449,0.81,-14.8236,0.97267,535,4,,0.429,0.776
119,House,22516,71,30,CA,100,,,"FRIEDMAN, Laura",F000483,1966.0,,-0.35,-0.372,-21.18708,0.96187,545,9,,-0.35,-0.372
119,House,22521,71,13,CA,100,,,"GRAY, Adam",G000605,1977.0,,-0.233,0.76,-84.37023,0.8497,518,32,,-0.233,0.759
119,House,22532,71,16,CA,100,,,"LICCARDO, Sam T.",L000607,1970.0,,-0.342,-0.061,-27.3304,0.95109,545,12,,-0.342,-0.061
119,House,22541,71,47,CA,100,,,"MIN, Dave",M001241,1976.0,,-0.214,-0.158,-65.93743,0.88663,548,33,,-0.214,-0.156
119,House,22550,71,29,CA,100,,,"RIVAS, Luz M.",R000620,1974.0,,-0.516,-0.209,-17.93302,0.96745,542,8,,-0.516,-0.209
119,House,22553,71,12,CA,100,,,"SIMON, Lateefah",S001231,1977.0,,-0.608,-0.297,-23.07133,0.95818,540,12,,-0.608,-0.297
119,House,22556,71,45,CA,100,,,"TRAN, Derek",T000491,1980.0,,-0.23,0.14,-51.45503,0.91006,546,23,,-0.23,0.145
119,House,22559,71,27,CA,100,,,"WHITESIDES, George",W000830,1974.0,,-0.202,0.099,-47.66869,0.91521,538,19,,-0.202,0.104
119,House,22570,71,1,CA,200,,,"GALLAGHER, James",G000607,,,0.34,-0.135,-8.96881,0.85201,56,3,,0.338,-0.139
119,House,29106,71,43,CA,100,,,"WATERS, Maxine",W000187,1938.0,,-0.656,-0.094,-23.80075,0.95584,527,8,,-0.676,0.065
119,House,29323,71,41,CA,200,,,"CALVERT, Ken",C000059,1953.0,,0.34,0.279,-15.2905,0.97243,547,5,,0.345,0.528
119,House,29504,71,18,CA,100,,,"LOFGREN, Zoe",L000397,1947.0,,-0.396,-0.397,-31.94926,0.94224,537,11,,-0.336,-0.188
119,House,29707,71,32,CA,100,,,"SHERMAN, Brad",S000344,1954.0,,-0.345,-0.136,-33.9883,0.93856,536,14,,-0.513,0.203
119,House,29901,71,4,CA,100,,,"THOMPSON, Michael",T000460,1951.0,,-0.392,0.072,-40.5866,0.92823,545,15,,-0.355,0.073
119,House,92336,71,3,CA,328,,,"KILEY, Kevin",K000401,1985.0,,0.158,0.376,-33.9344,0.80672,158,12,,0.158,0.372
119,House,21912,62,6,CO,100,,,"CROW, Jason",C001121,1979.0,,-0.36,0.179,-38.85926,0.93142,547,17,,-0.4,-0.004
119,House,21948,62,2,CO,100,,,"NEGUSE, Joseph",N000191,1984.0,,-0.43,-0.109,-26.23406,0.95326,548,12,,-0.472,-0.08
119,House,22103,62,4,CO,200,,,"BOEBERT, Lauren",B000825,1986.0,,0.711,-0.529,-65.69658,0.88363,531,27,,0.615,-0.609
119,House,22359,62,7,CO,100,,,"PETTERSEN, Brittany",P000620,1981.0,,-0.374,0.276,-43.54198,0.91311,479,15,,-0.388,0.02
119,House,22509,62,5,CO,200,,,"CRANK, Jeff",C001137,1967.0,,0.666,-0.097,-52.77399,0.90819,548,23,,0.665,-0.097
119,House,22513,62,8,CO,200,,,"EVANS, Gabe",E000300,1986.0,,0.343,0.066,-45.53195,0.92041,549,21,,0.343,0.066
119,House,22526,62,3,CO,200,,,"HURD, Jeff",H001100,1979.0,,0.317,0.307,-32.88145,0.94156,546,12,,0.317,0.306
119,House,29710,62,1,CO,100,,,"DEGETTE, Diana",D000197,1957.0,,-0.431,-0.309,-16.35292,0.97006,538,6,,-0.522,-0.263
119,House,20706,1,2,CT,100,,,"COURTNEY, Joe",C001069,1953.0,,-0.337,0.041,-35.41253,0.93404,519,16,,-0.289,-0.01
119,House,20907,1,4,CT,100,,,"HIMES, James A.",H001047,1966.0,,-0.24,-0.203,-48.96453,0.91407,545,22,,-0.222,-0.152
119,House,21931,1,5,CT,100,,,"HAYES, Jahana",H001081,1973.0,,-0.34,-0.055,-27.924,0.94951,539,18,,-0.371,-0.156
119,House,29109,1,3,CT,100,,,"DeLAURO, Rosa L.",D000216,1943.0,,-0.414,-0.107,-29.78301,0.94672,544,12,,-0.331,-0.191
119,House,29908,1,1,CT,100,,,"LARSON, John B.",L000557,1948.0,,-0.396,-0.04,-22.79227,0.95829,535,9,,-0.377,-0.143
119,House,22535,11,1,DE,100,,,"MCBRIDE, Sarah",M001238,1990.0,,-0.263,-0.374,-34.66419,0.93838,545,17,,-0.263,-0.374
119,House,21993,55,0,DC,100,,,"NORTON, Eleanor Holmes",N000147,1937.0,,-0.493,-0.093,-3.47174,0.95293,72,2,,-0.489,0.459
119,House,20316,43,26,FL,200,,,"DIAZ-BALART, Mario",D000600,1961.0,,0.282,0.165,-24.4953,0.95441,525,6,,0.305,0.51
119,House,20504,43,25,FL,100,,,"WASSERMAN SCHULTZ, Debbie",W000797,1966.0,,-0.413,0.105,-35.20534,0.93666,538,18,,-0.371,0.174
119,House,20708,43,14,FL,100,,,"CASTOR, Kathy",C001066,1966.0,,-0.435,0.09,-55.84007,0.90141,538,15,,-0.553,0.704
119,House,20709,43,16,FL,200,,,"BUCHANAN, Vernon G.",B001260,1951.0,,0.361,-0.076,-32.13074,0.93906,511,7,,0.362,0.116
119,House,20758,43,12,FL,200,,,"BILIRAKIS, Gus",B001257,1963.0,,0.423,-0.03,-30.69517,0.94434,536,12,,0.457,0.054
119,House,21116,43,11,FL,200,,,"WEBSTER, Daniel A.",W000806,1949.0,,0.524,-0.073,-36.9575,0.9342,543,16,,0.604,0.08
119,House,21118,43,24,FL,100,,,"WILSON, Frederica",W000808,1942.0,,-0.476,-0.001,-14.30105,0.96462,397,6,,-0.47,0.183
119,House,21321,43,22,FL,100,,,"FRANKEL, Lois",F000462,1948.0,,-0.395,-0.017,-23.08037,0.95691,524,11,,-0.431,0.258
119,House,21714,43,2,FL,200,,,"DUNN, Neal Patrick",D000628,1953.0,,0.508,0.343,-15.25322,0.96879,481,9,,0.545,0.67
119,House,21735,43,21,FL,200,,,"MAST, Brian Jeffrey",M001199,1980.0,,0.461,-0.32,-51.05625,0.90898,535,25,,0.497,0.003
119,House,21744,43,5,FL,200,,,"RUTHERFORD, John Henry",R000609,1952.0,,0.433,0.071,-28.31079,0.94408,492,13,,0.469,0.129
119,House,21746,43,9,FL,100,,,"SOTO, Darren Michael",S001200,1978.0,,-0.339,0.229,-55.34449,0.90394,548,30,,-0.324,0.391
119,House,21971,43,17,FL,200,,,"STEUBE, W. Greg",S001214,1978.0,,0.689,-0.358,-56.20079,0.89993,533,26,,0.684,-0.495
119,House,21981,43,6,FL,200,,,"WALTZ, Michael",W000823,1974.0,,0.452,-0.113,-0.00399,0.99934,6,0,,0.682,0.732
119,House,22107,43,3,FL,200,,,"CAMMACK, Kat",C001039,1988.0,,0.591,-0.257,-51.21121,0.90984,542,24,,0.608,-0.339
119,House,22111,43,19,FL,200,,,"DONALDS, Byron",D000032,1978.0,,0.636,-0.308,-51.54487,0.90387,510,22,,0.582,-0.467
119,House,22116,43,18,FL,200,,,"FRANKLIN, C. Scott",F000472,1964.0,,0.626,0.211,-23.31721,0.95819,546,8,,0.706,0.516
119,House,22118,43,28,FL,200,,,"GIMENEZ, Carlos A.",G000593,1954.0,,0.328,0.157,-25.40402,0.95159,512,9,,0.269,0.52
119,House,22150,43,27,FL,200,,,"SALAZAR, Maria Elvira",S000168,1961.0,,0.274,0.162,-36.07357,0.92832,485,16,,0.296,0.147
119,House,22163,43,20,FL,100,,,"CHERFILUS-MCCORMICK, Sheila",C001127,1979.0,,-0.429,-0.005,-19.08697,0.9543,408,8,,-0.439,0.298
119,House,22302,43,4,FL,200,,,"BEAN, Aaron",B001314,1967.0,,0.697,-0.162,-43.77643,0.92336,549,20,,0.737,-0.209
119,House,22321,43,10,FL,100,,,"FROST, Maxwell",F000476,1997.0,,-0.442,-0.704,-11.74355,0.97876,547,4,,-0.487,-0.676
119,House,22341,43,15,FL,200,,,"LEE, Laurel",L000597,1974.0,,0.422,0.166,-33.66096,0.93743,521,16,,0.502,0.137
119,House,22343,43,13,FL,200,,,"LUNA, Anna",L000596,1989.0,,0.558,-0.51,-78.93455,0.85342,498,32,,0.528,-0.51
119,House,22350,43,7,FL,200,,,"MILLS, Cory",M001216,1980.0,,0.604,-0.318,-42.58213,0.92377,537,16,,0.606,-0.346
119,House,22353,43,23,FL,100,,,"MOSKOWITZ, Jared",M001217,1980.0,,-0.226,0.294,-56.69879,0.89891,532,16,,-0.213,0.265
119,House,22523,43,8,FL,200,,,"HARIDOPOLOS, Mike",H001099,1970.0,,0.453,0.01,-36.7193,0.9345,542,18,,0.452,0.009
119,House,22562,43,6,FL,200,,,"FINE, Randy",F000484,1974.0,,0.577,-0.366,-75.38406,0.84945,462,36,,0.577,-0.367
119,House,22563,43,1,FL,200,,,"PATRONIS, Jimmy",P000622,1972.0,,0.528,-0.146,-56.41508,0.89083,488,21,,0.528,-0.147
119,House,20321,44,13,GA,100,,,"SCOTT, David",S001157,1945.0,,-0.305,0.165,-27.11079,0.93661,414,13,,-0.373,-0.006
119,House,20712,44,4,GA,100,,,"JOHNSON, Hank",J000288,1954.0,,-0.479,-0.054,-44.00221,0.92175,540,14,,-0.662,0.156
119,House,21123,44,8,GA,200,,,"SCOTT, Austin",S001189,1969.0,,0.538,0.35,-38.50877,0.93202,547,14,,0.615,0.229
119,House,21513,44,1,GA,200,,,"CARTER, Buddy",C001103,1957.0,,0.556,0.33,-26.65959,0.95021,522,7,,0.524,0.169
119,House,21515,44,11,GA,200,,,"LOUDERMILK, Barry D.",L000583,1963.0,,0.676,0.04,-34.6889,0.93547,520,20,,0.564,0.093
119,House,21516,44,12,GA,200,,,"ALLEN, Rick W.",A000372,1951.0,,0.689,0.278,-26.34084,0.95282,545,7,,0.646,0.252
119,House,21944,44,6,GA,100,,,"McBATH, Lucy",M001208,1960.0,,-0.37,0.294,-28.18087,0.94745,522,9,,-0.424,0.353
119,House,22110,44,9,GA,200,,,"CLYDE, Andrew S.",C001116,1963.0,,0.822,-0.16,-47.19795,0.91371,523,21,,0.863,-0.265
119,House,22121,44,14,GA,200,,,"GREENE, Marjorie Taylor",G000596,1974.0,,0.8,-0.6,-38.98234,0.86783,275,18,,0.637,-0.647
119,House,22156,44,5,GA,100,,,"WILLIAMS, Nikema",W000788,1978.0,,-0.44,-0.387,-18.07413,0.96622,526,6,,-0.515,-0.191
119,House,22310,44,10,GA,200,,,"COLLINS, Mike",C001129,1967.0,,0.68,-0.244,-40.49544,0.92788,541,16,,0.706,-0.212
119,House,22346,44,7,GA,200,,,"MCCORMICK, Rich",M001218,1968.0,,0.891,0.454,-51.33833,0.91042,547,19,,0.891,0.454
119,House,22527,44,3,GA,200,,,"JACK, Brian",J000311,1988.0,,0.559,0.046,-35.00971,0.93822,549,18,,0.559,0.045
119,House,22568,44,14,GA,200,,,"FULLER, Clay",F000485,,,0.746,-0.141,-9.82886,0.93532,147,3,,0.745,-0.142
119,House,29339,44,2,GA,100,,,"BISHOP, Sanford Dixon, Jr.",B000490,1947.0,,-0.289,0.446,-80.34133,0.86152,539,39,,-0.45,0.721
119,House,22373,94,0,GU,200,,,"MOYLAN, James",M001219,1962.0,,0.33,0.064,-43.79736,0.52515,68,19,,0.088,0.198
119,House,20322,82,1,HI,100,,,"CASE, Ed",C001055,1952.0,,-0.207,-0.076,-58.97609,0.89744,545,26,,-0.255,-0.002
119,House,22369,82,2,HI,100,,,"TOKUDA, Jill",T000487,1976.0,,-0.462,-0.344,-12.15974,0.97802,547,5,,-0.47,-0.211
119,House,21920,63,1,ID,200,,,"FULCHER, Russell",F000469,1962.0,,0.643,-0.119,-52.55963,0.90758,542,24,,0.662,-0.23
119,House,29910,63,2,ID,200,,,"SIMPSON, Michael K.",S001148,1950.0,,0.296,0.316,-17.7036,0.96775,540,7,,0.307,0.513
119,House,20749,21,11,IL,100,,,"FOSTER, Bill",F000454,1955.0,,-0.238,-0.217,-31.01868,0.94487,547,12,,-0.298,-0.056
119,House,20954,21,5,IL,100,,,"QUIGLEY, Mike",Q000023,1958.0,,-0.324,-0.224,-26.97748,0.95001,526,13,,-0.317,-0.082
119,House,21326,21,10,IL,100,,,"SCHNEIDER, Brad",S001190,1961.0,,-0.199,-0.112,-41.85399,0.92502,537,15,,-0.317,0.168
119,House,21371,21,2,IL,100,,,"KELLY, Robin L.",K000385,1956.0,,-0.474,-0.026,-15.21301,0.97207,537,6,,-0.491,-0.205
119,House,21519,21,12,IL,200,,,"BOST, Mike",B001295,1960.0,,0.402,-0.039,-41.47629,0.92659,544,20,,0.469,-0.059
119,House,21562,21,16,IL,200,,,"LAHOOD, Darin",L000585,1968.0,,0.46,0.226,-34.51528,0.93518,515,14,,0.458,0.422
119,House,21730,21,8,IL,100,,,"KRISHNAMOORTHI, S. Raja",K000391,1973.0,,-0.35,-0.016,-28.74227,0.94769,535,14,,-0.463,0.006
119,House,21906,21,6,IL,100,,,"CASTEN, Sean",C001117,1971.0,,-0.623,0.401,-26.99838,0.95167,545,10,,-0.523,0.182
119,House,21921,21,4,IL,100,,,"GARCÍA, Jesús",G000586,1956.0,,-0.439,-0.875,-23.37893,0.9574,537,8,,-0.454,-0.845
119,House,21979,21,14,IL,100,,,"UNDERWOOD, Lauren",U000040,1986.0,,-0.593,0.296,-17.57853,0.96832,546,8,,-0.551,-0.072
119,House,22138,21,15,IL,200,,,"MILLER, Mary E.",M001211,1959.0,,0.785,-0.173,-40.28359,0.92812,540,15,,0.775,-0.246
119,House,22304,21,13,IL,100,,,"BUDZINSKI, Nikki",B001315,1977.0,,-0.316,0.402,-43.84838,0.92324,549,14,,-0.295,0.229
119,House,22330,21,1,IL,100,,,"JACKSON, Jonathan",J000309,1966.0,,-0.351,-0.454,-35.5328,0.9327,510,15,,-0.31,-0.426
119,House,22360,21,3,IL,100,,,"RAMIREZ, Delia",R000617,1983.0,,-0.496,-0.868,-20.87424,0.96116,527,9,,-0.515,-0.857
119,House,22365,21,17,IL,100,,,"SORENSEN, Eric",S001225,1976.0,,-0.239,0.227,-41.03866,0.92772,547,14,,-0.223,0.119
119,House,29717,21,7,IL,100,,,"DAVIS, Danny K.",D000096,1941.0,,-0.487,-0.267,-10.78617,0.97989,531,3,,-0.525,-0.264
119,House,29911,21,9,IL,100,,,"SCHAKOWSKY, Janice D.",S001145,1944.0,,-0.602,-0.288,-13.06316,0.97533,523,6,,-0.624,-0.11
119,House,20757,22,7,IN,100,,,"CARSON, André",C001072,1974.0,,-0.434,0.021,-33.25583,0.94059,543,9,,-0.39,-0.331
119,House,21100,22,3,IN,200,,,"STUTZMAN, Marlin",S001188,1976.0,,0.716,-0.063,-42.06521,0.92452,536,21,,0.604,-0.009
119,House,21903,22,4,IN,200,,,"BAIRD, James",B001307,1945.0,,0.446,0.417,-24.88362,0.9531,518,8,,0.543,0.619
119,House,22142,22,1,IN,100,,,"MRVAN, Frank J.",M001214,1969.0,,-0.3,0.356,-48.07168,0.91406,535,24,,-0.278,0.323
119,House,22151,22,5,IN,200,,,"SPARTZ, Victoria",S000929,1978.0,,0.494,-0.279,-76.26042,0.86359,520,33,,0.554,-0.371
119,House,22171,22,2,IN,200,,,"YAKYM, Rudy, III",Y000067,1984.0,,0.522,0.167,-19.02704,0.96594,549,5,,0.612,0.399
119,House,22326,22,9,IN,200,,,"HOUCHIN, Erin",H001093,1976.0,,0.624,0.188,-29.89508,0.94614,540,13,,0.615,0.12
119,House,22540,22,8,IN,200,,,"MESSMER, Mark B.",M001233,1962.0,,0.55,0.29,-18.82201,0.96587,542,5,,0.55,0.29
119,House,22552,22,6,IN,200,,,"SHREVE, Jefferson",S001229,1965.0,,0.515,0.137,-23.39863,0.95775,542,5,,0.515,0.137
119,House,22113,31,4,IA,200,,,"FEENSTRA, Randy",F000446,1969.0,,0.467,0.183,-21.52881,0.96106,542,7,,0.431,0.224
119,House,22124,31,2,IA,200,,,"HINSON, Ashley",H001091,1983.0,,0.356,0.35,-23.77712,0.95692,540,9,,0.481,0.316
119,House,22139,31,1,IA,200,,,"MILLER-MEEKS, Mariannette",M001215,1955.0,,0.338,0.18,-37.90659,0.93123,532,15,,0.364,0.08
119,House,22356,31,3,IA,200,,,"NUNN, Zach",N000193,1979.0,,0.293,0.203,-30.36502,0.9438,525,10,,0.301,0.207
119,House,21750,32,4,KS,200,,,"ESTES, Ron",E000298,1956.0,,0.647,0.133,-40.61975,0.92818,545,16,,0.79,0.593
119,House,21914,32,3,KS,100,,,"DAVIDS, Sharice",D000629,1980.0,,-0.264,0.232,-57.41742,0.89983,544,27,,-0.226,0.104
119,House,22134,32,1,KS,200,,,"MANN, Tracey",M000871,1976.0,,0.608,0.064,-27.53804,0.95108,549,12,,0.639,0.088
119,House,22551,32,2,KS,200,,,"SCHMIDT, Derek",S001228,1968.0,,0.678,0.014,-48.4898,0.91472,544,22,,0.678,0.014
119,House,14854,51,5,KY,200,,,"ROGERS, Harold Dallas (Hal)",R000395,1937.0,,0.334,0.157,-16.40289,0.97003,539,3,,0.401,0.916
119,House,20916,51,2,KY,200,,,"GUTHRIE, Brett",G000558,1964.0,,0.426,0.273,-22.23991,0.96009,546,4,,0.368,0.389
119,House,21333,51,6,KY,200,,,"BARR, Garland H. (Andy), IV",B001282,1973.0,,0.489,0.296,-22.1132,0.95805,516,14,,0.641,0.476
119,House,21565,51,1,KY,200,,,"COMER, James",C001108,1972.0,,0.593,-0.071,-38.38349,0.93126,539,18,,0.584,-0.13
119,House,22347,51,3,KY,100,,,"MCGARVEY, Morgan",M001220,1979.0,,-0.487,-0.073,-23.31581,0.95835,548,12,,-0.387,-0.369
119,House,31102,51,4,KY,200,,,"MASSIE, Thomas",M001184,1971.0,,0.654,-0.756,-194.00143,0.68812,519,76,,0.506,-0.862
119,House,20759,45,1,LA,200,,,"SCALISE, Steve",S001176,1965.0,,0.559,0.163,-28.72629,0.94819,540,9,,0.548,0.061
119,House,21724,45,3,LA,200,,,"HIGGINS, Clay",H001077,1961.0,,0.63,-0.321,-54.96612,0.90288,538,25,,0.771,-0.264
119,House,21727,45,4,LA,200,,,"JOHNSON, Mike",J000299,1972.0,,0.566,0.029,-5.30477,0.98796,438,1,,0.531,0.388
119,House,22157,45,5,LA,200,,,"LETLOW, Julia",L000595,1981.0,,0.434,0.338,-30.57916,0.9431,522,13,,0.6,0.302
119,House,22158,45,2,LA,100,,,"CARTER, Troy",C001125,1963.0,,-0.519,0.278,-26.48802,0.95239,543,9,,-0.521,0.419
119,House,29354,45,6,LA,100,,,"FIELDS, Cleo",F000110,1962.0,,-0.457,0.12,-29.70531,0.94529,528,12,,-0.473,0.362
119,House,20920,2,1,ME,100,,,"PINGREE, Chellie",P000597,1955.0,,-0.423,-0.365,-24.75762,0.95419,528,9,,-0.523,-0.239
119,House,21923,2,2,ME,100,,,"GOLDEN, Jared",G000592,1982.0,,-0.106,0.387,-124.1019,0.79263,534,45,,-0.13,0.509
119,House,14873,52,5,MD,100,,,"HOYER, Steny Hamilton",H000874,1939.0,,-0.381,0.125,-38.43885,0.9308,536,14,,-0.387,0.265
119,House,15433,52,7,MD,100,,,"MFUME, Kweisi",M000687,1948.0,,-0.441,-0.318,-21.91264,0.95889,522,12,,-0.383,-0.186
119,House,21139,52,1,MD,200,,,"HARRIS, Andy",H001052,1957.0,,0.675,-0.381,-87.14603,0.84994,536,40,,0.759,-0.375
119,House,21741,52,8,MD,100,,,"RASKIN, Jamie Ben",R000606,1962.0,,-0.498,-0.228,-19.41203,0.96501,545,11,,-0.413,-0.19
119,House,22329,52,4,MD,100,,,"IVEY, Glenn",I000058,1961.0,,-0.464,-0.032,-19.12485,0.96527,541,7,,-0.422,-0.096
119,House,22512,52,3,MD,100,,,"ELFRETH, Sarah",E000301,1988.0,,-0.381,-0.061,-25.17767,0.95509,548,12,,-0.381,-0.061
119,House,22536,52,6,MD,100,,,"MCCLAIN DELANEY, April",M001232,1964.0,,-0.288,0.066,-34.16245,0.9378,532,12,,-0.288,0.068
119,House,22545,52,2,MD,100,,,"OLSZEWSKI, Johnny, Jr.",O000176,1982.0,,-0.374,-0.022,-17.56248,0.96829,545,5,,-0.374,-0.022
119,House,15616,3,1,MA,100,,,"NEAL, Richard Edmund",N000015,1949.0,,-0.417,-0.104,-19.72789,0.96305,524,7,,-0.418,0.022
119,House,20119,3,8,MA,100,,,"LYNCH, Stephen F.",L000562,1955.0,,-0.342,0.046,-46.57438,0.91618,532,21,,-0.209,-0.266
119,House,21140,3,9,MA,100,,,"KEATING, William R.",K000375,1952.0,,-0.33,-0.097,-32.00438,0.94086,525,12,,-0.299,-0.122
119,House,21375,3,5,MA,100,,,"CLARK, Katherine M.",C001101,1963.0,,-0.478,-0.244,-24.36677,0.95651,548,14,,-0.485,0.161
119,House,21525,3,6,MA,100,,,"MOULTON, Seth",M001196,1978.0,,-0.286,-0.049,-29.51507,0.94108,486,11,,-0.301,-0.22
119,House,21955,3,7,MA,100,,,"PRESSLEY, Ayanna",P000617,1974.0,,-0.375,-0.927,-18.41469,0.96629,537,6,,-0.448,-0.839
119,House,21977,3,3,MA,100,,,"TRAHAN, Lori",T000482,1973.0,,-0.415,-0.113,-25.84997,0.95231,529,12,,-0.405,0.04
119,House,22100,3,4,MA,100,,,"AUCHINCLOSS, Jake",A000148,1988.0,,-0.275,-0.272,-56.66082,0.89788,526,21,,-0.239,-0.238
119,House,29729,3,2,MA,100,,,"McGOVERN, James P.",M000312,1959.0,,-0.538,-0.353,-26.85662,0.95122,537,13,,-0.454,-0.785
119,House,20725,23,5,MI,200,,,"WALBERG, Tim",W000798,1951.0,,0.498,0.168,-24.76754,0.95549,544,10,,0.461,0.41
119,House,21142,23,4,MI,200,,,"HUIZENGA, Bill",H001058,1969.0,,0.53,0.06,-25.48387,0.95407,542,11,,0.445,0.319
119,House,21526,23,2,MI,200,,,"MOOLENAAR, John",M001194,1961.0,,0.447,0.182,-14.41526,0.97399,547,1,,0.463,0.78
119,House,21529,23,6,MI,100,,,"DINGELL, Debbie",D000624,1953.0,,-0.398,-0.186,-18.04516,0.96683,535,6,,-0.398,-0.143
119,House,21704,23,1,MI,200,,,"BERGMAN, John",B001301,1947.0,,0.434,0.092,-21.82268,0.96025,538,9,,0.536,0.47
119,House,21972,23,11,MI,100,,,"STEVENS, Haley",S001215,1983.0,,-0.365,0.229,-38.9385,0.93117,546,17,,-0.332,0.181
119,House,21975,23,12,MI,100,,,"TLAIB, Rashida",T000481,1976.0,,-0.29,-0.957,-30.68066,0.94447,537,10,,-0.414,-0.91
119,House,22136,23,9,MI,200,,,"MCCLAIN, Lisa C.",M001136,1966.0,,0.549,0.174,-26.68853,0.95187,541,12,,0.474,0.346
119,House,22332,23,10,MI,200,,,"JAMES, John",J000307,1981.0,,0.322,0.383,-32.31692,0.93837,508,11,,0.415,0.16
119,House,22363,23,3,MI,100,,,"SCHOLTEN, Hillary",S001221,1982.0,,-0.259,0.225,-52.46443,0.90609,532,24,,-0.264,0.246
119,House,22368,23,13,MI,100,,,"THANEDAR, Shri",T000488,1955.0,,-0.353,-0.036,-36.37705,0.93532,544,18,,-0.358,-0.014
119,House,22501,23,7,MI,200,,,"BARRETT, Tom",B001321,1981.0,,0.498,-0.169,-62.88383,0.89121,546,23,,0.512,-0.143
119,House,22537,23,8,MI,100,,,"MCDONALD RIVET, Kristen",M001237,1970.0,,-0.241,0.332,-56.02844,0.90057,535,23,,-0.241,0.338
119,House,20122,33,4,MN,100,,,"MCCOLLUM, Betty",M001143,1954.0,,-0.419,-0.183,-17.0832,0.96897,542,7,,-0.447,-0.092
119,House,21531,33,6,MN,200,,,"EMMER, Thomas Earl, II",E000294,1961.0,,0.469,-0.062,-27.19775,0.95097,541,9,,0.573,0.184
119,House,21910,33,2,MN,100,,,"CRAIG, Angela",C001119,1972.0,,-0.271,0.491,-81.52637,0.85987,540,38,,-0.278,0.02
119,House,21950,33,5,MN,100,,,"OMAR, Ilhan",O000173,1982.0,,-0.296,-0.955,-33.17896,0.9403,539,12,,-0.383,-0.896
119,House,21969,33,8,MN,200,,,"STAUBER, Peter",S001212,1966.0,,0.385,-0.089,-42.58801,0.9247,544,18,,0.415,-0.035
119,House,22114,33,7,MN,200,,,"FISCHBACH, Michelle",F000470,1965.0,,0.541,-0.011,-25.26596,0.95486,547,8,,0.579,0.116
119,House,22167,33,1,MN,200,,,"FINSTAD, Brad",F000475,1976.0,,0.558,0.002,-24.89496,0.95519,543,7,,0.626,0.27
119,House,22544,33,3,MN,100,,,"MORRISON, Kelly",M001234,1969.0,,-0.343,-0.094,-19.01301,0.96584,547,8,,-0.343,-0.094
119,House,21561,46,1,MS,200,,,"KELLY, Trent",K000388,1966.0,,0.636,0.294,-18.79602,0.9661,545,6,,0.577,0.222
119,House,21927,46,3,MS,200,,,"GUEST, Michael",G000591,1970.0,,0.531,0.129,-29.11672,0.94732,538,14,,0.562,0.199
119,House,22319,46,4,MS,200,,,"EZELL, Mike",E000235,1959.0,,0.555,0.144,-39.50248,0.92958,541,21,,0.549,0.043
119,House,29368,46,2,MS,100,,,"THOMPSON, Bennie",T000193,1948.0,,-0.519,0.39,-21.76482,0.95991,532,8,,-0.633,0.457
119,House,20124,34,6,MO,200,,,"GRAVES, Samuel",G000546,1963.0,,0.449,0.162,-23.24816,0.95619,519,11,,0.62,0.426
119,House,20517,34,5,MO,100,,,"CLEAVER, Emanuel, II",C001061,1944.0,,-0.454,0.003,-14.37831,0.97298,525,3,,-0.508,0.152
119,House,21337,34,2,MO,200,,,"WAGNER, Ann",W000812,1962.0,,0.392,0.303,-16.83398,0.96953,544,4,,0.533,0.79
119,House,21373,34,8,MO,200,,,"SMITH, Jason",S001195,1980.0,,0.578,0.204,-28.0402,0.9494,540,14,,0.602,0.195
119,House,22300,34,4,MO,200,,,"ALFORD, Mark",A000379,1963.0,,0.565,0.075,-40.74506,0.92745,541,19,,0.451,0.267
119,House,22305,34,7,MO,200,,,"BURLISON, Eric",B001316,1976.0,,0.734,-0.558,-51.10273,0.90742,526,22,,0.801,-0.599
119,House,22504,34,1,MO,100,,,"BELL, Wesley",B001324,1974.0,,-0.472,0.325,-28.66694,0.9482,539,10,,-0.472,0.326
119,House,22546,34,3,MO,200,,,"ONDER, Robert F., Jr.",O000177,1962.0,,0.693,-0.174,-47.25959,0.9156,536,28,,0.693,-0.174
119,House,21532,64,1,MT,200,,,"ZINKE, Ryan",Z000018,1961.0,,0.442,-0.113,-42.97113,0.92282,535,17,,0.461,0.042
119,House,22511,64,2,MT,200,,,"DOWNING, Troy",D000634,1967.0,,0.658,-0.045,-49.89772,0.91297,548,24,,0.658,-0.045
119,House,20729,35,3,NE,200,,,"SMITH, Adrian",S001172,1970.0,,0.509,0.258,-20.28774,0.96313,540,6,,0.453,0.384
119,House,21701,35,2,NE,200,,,"BACON, Donald J.",B001298,1963.0,,0.277,0.186,-74.20563,0.87314,547,31,,0.202,0.236
119,House,22166,35,1,NE,200,,,"FLOOD, Mike",F000474,1975.0,,0.442,0.672,-24.95261,0.95533,546,8,,0.366,0.445
119,House,20927,65,1,NV,100,,,"TITUS, Alice (Dina)",T000468,1950.0,,-0.297,-0.161,-33.06214,0.93601,500,18,,-0.275,-0.098
119,House,21196,65,2,NV,200,,,"AMODEI, Mark E.",A000369,1958.0,,0.384,0.217,-24.12368,0.95575,533,5,,0.365,0.384
119,House,21339,65,4,NV,100,,,"HORSFORD, Steven",H001066,1973.0,,-0.311,0.16,-64.98485,0.88642,539,28,,-0.256,0.191
119,House,21938,65,3,NV,100,,,"LEE, Susie",L000590,1966.0,,-0.225,0.293,-57.45794,0.89924,541,25,,-0.203,0.225
119,House,21951,4,1,NH,100,,,"PAPPAS, Chris",P000614,1980.0,,-0.232,0.308,-43.68868,0.9231,546,14,,-0.211,0.186
119,House,22520,4,2,NH,100,,,"GOODLANDER, Maggie",G000604,1986.0,,-0.208,0.083,-43.54908,0.9232,545,22,,-0.208,0.087
119,House,14863,12,4,NJ,200,,,"SMITH, Christopher Henry",S000522,1953.0,,0.184,-0.17,-120.74696,0.80192,547,44,,0.355,-0.152
119,House,15454,12,6,NJ,100,,,"PALLONE, Frank, Jr.",P000034,1951.0,,-0.402,-0.162,-25.98153,0.95353,546,11,,-0.505,0.09
119,House,21536,12,1,NJ,100,,,"NORCROSS, Donald",N000188,1958.0,,-0.422,0.341,-33.84307,0.93081,472,16,,-0.463,0.385
119,House,21538,12,12,NJ,100,,,"WATSON COLEMAN, Bonnie",W000822,1945.0,,-0.592,-0.23,-10.65957,0.9806,544,2,,-0.545,-0.333
119,House,21723,12,5,NJ,100,,,"GOTTHEIMER, Josh S.",G000583,1975.0,,-0.165,0.217,-59.24013,0.88634,491,22,,-0.208,0.327
119,House,21964,12,11,NJ,100,,,"SHERRILL, Mikie",S001207,1972.0,,-0.234,0.243,-6.51276,0.9454,116,2,,-0.23,0.026
119,House,22334,12,7,NJ,200,,,"KEAN, Thomas",K000398,1968.0,,0.202,0.359,-27.54231,0.93739,426,10,,0.239,0.241
119,House,22348,12,8,NJ,100,,,"MENENDEZ, Robert",M001226,1985.0,,-0.519,0.194,-25.13598,0.95525,549,14,,-0.569,0.029
119,House,22381,12,10,NJ,100,,,"MCIVER, LaMonica",M001229,1986.0,,-0.534,-0.291,-10.88268,0.98027,546,3,,-0.55,-0.31
119,House,22508,12,3,NJ,100,,,"CONAWAY, Herbert C., Jr.",C001136,1963.0,,-0.296,0.035,-30.08917,0.94551,537,11,,-0.296,0.037
119,House,22547,12,9,NJ,100,,,"POU, Nellie",P000621,1956.0,,-0.304,0.013,-29.30796,0.94792,548,11,,-0.304,0.014
119,House,22569,12,11,NJ,100,,,"MEJIA, Analilia",M001246,,,-0.415,-0.473,-6.55238,0.95193,133,2,,-0.415,-0.473
119,House,91980,12,2,NJ,200,,,"VAN DREW, Jefferson",V000133,1953.0,,0.384,-0.409,-73.43104,0.87373,544,35,,0.376,-0.246
119,House,22131,66,3,NM,100,,,"LEGER FERNANDEZ, Teresa",L000273,1959.0,,-0.365,-0.191,-20.24738,0.96055,503,9,,-0.393,-0.226
119,House,22159,66,1,NM,100,,,"STANSBURY, Melanie Ann",S001218,1979.0,,-0.439,-0.217,-14.26921,0.97378,537,6,,-0.388,-0.376
119,House,22371,66,2,NM,100,,,"VASQUEZ, Gabriel",V000136,1984.0,,-0.321,0.548,-60.7439,0.89435,544,27,,-0.338,0.595
119,House,20733,13,9,NY,100,,,"CLARKE, Yvette Diane",C001067,1964.0,,-0.608,-0.255,-21.04307,0.96129,533,9,,-0.652,-0.194
119,House,20934,13,20,NY,100,,,"TONKO, Paul",T000469,1949.0,,-0.416,-0.261,-14.56753,0.97348,542,5,,-0.469,-0.208
119,House,21342,13,6,NY,100,,,"MENG, Grace",M001188,1975.0,,-0.371,-0.21,-24.61994,0.9541,524,11,,-0.374,-0.204
119,House,21343,13,8,NY,100,,,"JEFFRIES, Hakeem",J000294,1970.0,,-0.483,-0.055,-20.34442,0.96342,546,11,,-0.473,0.158
119,House,21541,13,21,NY,200,,,"STEFANIK, Elise M.",S001196,1984.0,,0.309,-0.108,-38.80538,0.9201,466,14,,0.429,0.112
119,House,21715,13,13,NY,100,,,"ESPAILLAT, Adriano J.",E000297,1954.0,,-0.527,-0.212,-18.63849,0.9662,542,8,,-0.454,-0.295
119,House,21747,13,3,NY,100,,,"SUOZZI, Thomas",S001201,1962.0,,-0.213,0.172,-75.28814,0.86896,536,32,,-0.179,0.254
119,House,21749,13,24,NY,200,,,"TENNEY, Claudia",T000478,1961.0,,0.466,0.031,-22.3183,0.95995,546,7,,0.57,0.46
119,House,21761,13,25,NY,100,,,"MORELLE, Joseph",M001206,1957.0,,-0.33,0.147,-32.9745,0.94044,537,16,,-0.311,0.082
119,House,21949,13,14,NY,100,,,"OCASIO-CORTEZ, Alexandria",O000172,1989.0,,-0.333,-0.943,-18.67092,0.9657,535,7,,-0.471,-0.859
119,House,22117,13,2,NY,200,,,"GARBARINO, Andrew R.",G000597,1984.0,,0.244,0.233,-43.25255,0.92192,532,17,,0.242,0.22
119,House,22133,13,11,NY,200,,,"MALLIOTAKIS, Nicole",M000317,1980.0,,0.334,-0.067,-54.21654,0.90481,542,20,,0.278,0.095
119,House,22154,13,15,NY,100,,,"TORRES, Ritchie",T000486,1988.0,,-0.312,-0.115,-38.60471,0.93001,532,20,,-0.296,-0.123
119,House,22169,13,18,NY,100,,,"RYAN, Patrick",R000579,1982.0,,-0.224,0.152,-56.30137,0.90185,545,26,,-0.193,-0.074
119,House,22324,13,10,NY,100,,,"GOLDMAN, Daniel",G000599,1976.0,,-0.455,0.153,-31.77981,0.93782,495,14,,-0.566,0.396
119,House,22337,13,1,NY,200,,,"LALOTA, Nicholas",L000598,1978.0,,0.253,0.107,-36.78726,0.93403,539,16,,0.235,0.183
119,House,22339,13,23,NY,200,,,"LANGWORTHY, Nick",L000600,1981.0,,0.424,-0.039,-35.79241,0.93621,543,15,,0.442,0.007
119,House,22340,13,17,NY,200,,,"LAWLER, Michael",L000599,1986.0,,0.189,0.228,-49.09951,0.91293,539,18,,0.198,0.161
119,House,22377,13,26,NY,100,,,"KENNEDY, Timothy M.",K000402,1976.0,,-0.384,0.26,-25.31408,0.95486,548,9,,-0.387,0.223
119,House,22518,13,4,NY,100,,,"GILLEN, Laura",G000602,1969.0,,-0.164,0.261,-59.1961,0.89544,536,20,,-0.164,0.257
119,House,22531,13,16,NY,100,,,"LATIMER, George",L000606,1953.0,,-0.403,0.276,-32.46587,0.94123,536,14,,-0.403,0.278
119,House,22534,13,22,NY,100,,,"MANNION, John W.",M001231,1968.0,,-0.241,0.1,-49.16883,0.91418,548,18,,-0.241,0.104
119,House,22549,13,19,NY,100,,,"RILEY, Josh",R000622,1981.0,,-0.201,0.187,-54.62031,0.90397,541,13,,-0.201,0.192
119,House,29377,13,12,NY,100,,,"NADLER, Jerrold Lewis",N000002,1947.0,,-0.507,-0.471,-20.7256,0.95858,490,10,,-0.541,-0.175
119,House,29378,13,7,NY,100,,,"VELÁZQUEZ, Nydia M.",V000081,1953.0,,-0.546,-0.371,-16.88814,0.96875,532,6,,-0.523,-0.529
119,House,29776,13,5,NY,100,,,"MEEKS, Gregory W.",M001137,1953.0,,-0.415,-0.059,-25.85472,0.95239,530,11,,-0.404,0.05
119,House,20521,47,5,NC,200,,,"FOXX, Virginia Ann",F000450,1943.0,,0.623,0.18,-22.10707,0.96032,546,8,,0.733,0.558
119,House,21346,47,9,NC,200,,,"HUDSON, Richard",H001067,1971.0,,0.524,0.207,-29.19114,0.94775,544,13,,0.532,0.18
119,House,21544,47,7,NC,200,,,"ROUZER, David",R000603,1972.0,,0.567,0.292,-19.28186,0.96505,542,4,,0.627,0.428
119,House,21545,47,12,NC,100,,,"ADAMS, Alma",A000370,1946.0,,-0.463,-0.005,-15.59648,0.97194,548,5,,-0.463,-0.021
119,House,21987,47,3,NC,200,,,"MURPHY, Gregory Francis",M001210,1963.0,,0.483,0.139,-25.19356,0.94792,471,10,,0.434,0.279
119,House,22149,47,2,NC,100,,,"ROSS, Deborah K.",R000305,1963.0,,-0.387,-0.001,-20.16173,0.96381,547,8,,-0.349,-0.116
119,House,22314,47,1,NC,100,,,"DAVIS, Don",D000230,1971.0,,-0.24,0.877,-78.50993,0.86422,538,30,,-0.207,0.839
119,House,22318,47,11,NC,200,,,"EDWARDS, Chuck",E000246,1960.0,,0.371,0.382,-64.21625,0.88866,544,15,,0.406,0.114
119,House,22320,47,4,NC,100,,,"FOUSHEE, Valerie",F000477,1956.0,,-0.498,-0.301,-12.53985,0.97692,537,3,,-0.437,-0.458
119,House,22524,47,10,NC,200,,,"HARRIGAN, Pat",H001101,1987.0,,0.972,0.234,-53.18104,0.90588,538,23,,0.972,0.234
119,House,22525,47,8,NC,200,,,"HARRIS, Mark",H001102,1966.0,,0.831,-0.106,-47.1118,0.91777,549,15,,0.831,-0.106
119,House,22530,47,13,NC,200,,,"KNOTT, Brad",K000405,1986.0,,0.89,0.268,-49.24018,0.913,541,24,,0.89,0.268
119,House,22538,47,6,NC,200,,,"MCDOWELL, Addison P.",M001240,1994.0,,0.555,0.035,-35.67072,0.93687,547,17,,0.555,0.035
119,House,22542,47,14,NC,200,,,"MOORE, Tim",M001236,1970.0,,0.585,0.103,-32.10021,0.943,547,9,,0.585,0.103
119,House,22514,36,1,ND,200,,,"FEDORCHAK, Julie",F000482,1968.0,,0.611,0.07,-31.66444,0.94274,537,15,,0.611,0.07
119,House,22561,95,0,MP,200,,,"KING-HINDS, Kimberlyn",K000404,1975.0,,0.163,-0.043,-22.48558,0.69169,61,11,,0.162,-0.046
119,House,15029,24,9,OH,100,,,"KAPTUR, Marcia Carolyn (Marcy)",K000009,1946.0,,-0.341,0.14,-125.70224,0.79026,534,45,,-0.185,0.109
119,House,20342,24,10,OH,200,,,"TURNER, Michael R.",T000463,1960.0,,0.265,0.258,-51.81843,0.90769,535,18,,0.219,0.37
119,House,20738,24,4,OH,200,,,"JORDAN, Jim",J000289,1964.0,,0.711,-0.171,-39.50757,0.92804,529,18,,0.663,-0.044
119,House,20755,24,5,OH,200,,,"LATTA, Robert E.",L000566,1956.0,,0.508,0.291,-17.46506,0.96869,549,5,,0.474,0.433
119,House,21352,24,3,OH,100,,,"BEATTY, Joyce",B001281,1950.0,,-0.44,0.027,-22.51145,0.95731,516,8,,-0.571,0.426
119,House,21353,24,14,OH,200,,,"JOYCE, David",J000295,1957.0,,0.25,0.313,-40.68452,0.92638,532,17,,0.229,0.289
119,House,21564,24,8,OH,200,,,"DAVIDSON, Warren",D000626,1970.0,,0.647,-0.385,-96.26044,0.83589,537,38,,0.555,-0.551
119,House,21759,24,12,OH,200,,,"BALDERSON, Troy",B001306,1962.0,,0.464,0.192,-27.55882,0.95034,541,10,,0.587,0.295
119,House,22161,24,11,OH,100,,,"BROWN, Shontel M.",B001313,1975.0,,-0.475,-0.08,-15.10065,0.97282,548,7,,-0.559,0.063
119,House,22162,24,15,OH,200,,,"CAREY, Mike",C001126,1971.0,,0.405,0.028,-30.74918,0.94485,542,9,,0.339,0.295
119,House,22338,24,1,OH,100,,,"LANDSMAN, Greg",L000601,1976.0,,-0.227,0.238,-52.08491,0.90886,545,22,,-0.25,0.319
119,House,22349,24,7,OH,200,,,"MILLER, Max",M001222,1988.0,,0.368,-0.035,-62.43309,0.88768,524,28,,0.356,-0.172
119,House,22367,24,13,OH,100,,,"SYKES, Emilia",S001223,1986.0,,-0.332,0.171,-36.94647,0.93291,532,18,,-0.339,0.231
119,House,22379,24,6,OH,200,,,"RULLI, Michael A.",R000619,1969.0,,0.43,-0.093,-47.92227,0.91196,520,21,,0.457,-0.107
119,House,22555,24,2,OH,200,,,"TAYLOR, David J.",T000490,1969.0,,0.591,0.239,-30.51775,0.94593,549,16,,0.591,0.239
119,House,20344,53,4,OK,200,,,"COLE, Tom",C001053,1949.0,,0.323,0.414,-15.5079,0.97179,542,6,,0.335,0.484
119,House,21760,53,1,OK,200,,,"HERN, Kevin",H001082,1961.0,,0.679,-0.047,-34.98884,0.93703,538,15,,0.624,-0.034
119,House,22102,53,5,OK,200,,,"BICE, Stephanie I.",B000740,1973.0,,0.411,0.308,-27.33524,0.9509,543,10,,0.422,0.194
119,House,22303,53,2,OK,200,,,"BRECHEEN, Josh",B001317,1979.0,,0.837,-0.509,-39.82369,0.92628,520,19,,0.802,-0.576
119,House,29393,53,3,OK,200,,,"LUCAS, Frank D.",L000491,1960.0,,0.361,0.455,-9.34273,0.98282,539,4,,0.421,0.878
119,House,21198,72,1,OR,100,,,"BONAMICI, Suzanne",B001278,1954.0,,-0.4,-0.421,-11.93645,0.97818,541,3,,-0.494,-0.42
119,House,22101,72,2,OR,200,,,"BENTZ, Cliff",B000668,1952.0,,0.476,0.281,-15.19792,0.97265,548,3,,0.409,0.623
119,House,22327,72,4,OR,100,,,"HOYLE, Val",H001094,1964.0,,-0.232,-0.415,-43.05973,0.92308,538,17,,-0.238,-0.544
119,House,22361,72,6,OR,100,,,"SALINAS, Andrea",S001226,1969.0,,-0.226,-0.225,-31.98353,0.94331,548,14,,-0.267,-0.317
119,House,22507,72,5,OR,100,,,"BYNUM, Janelle S.",B001326,1975.0,,-0.285,0.099,-31.70842,0.94328,543,9,,-0.285,0.102
119,House,22510,72,3,OR,100,,,"DEXTER, Maxine",D000635,1972.0,,-0.462,-0.716,-9.84179,0.98201,542,1,,-0.462,-0.716
119,House,20946,14,15,PA,200,,,"THOMPSON, Glenn",T000467,1959.0,,0.335,0.342,-13.20654,0.97588,541,5,,0.337,0.686
119,House,21167,14,16,PA,200,,,"KELLY, Mike",K000376,1948.0,,0.379,0.398,-17.1181,0.9688,540,7,,0.497,0.733
119,House,21356,14,10,PA,200,,,"PERRY, Scott",P000605,1962.0,,0.686,-0.495,-59.76115,0.89468,537,30,,0.804,-0.556
119,House,21548,14,2,PA,100,,,"BOYLE, Brendan Francis",B001296,1977.0,,-0.38,0.149,-34.03413,0.93769,529,13,,-0.323,0.06
119,House,21566,14,3,PA,100,,,"EVANS, Dwight",E000296,1954.0,,-0.472,-0.166,-15.19466,0.97047,507,5,,-0.539,-0.241
119,House,21718,14,1,PA,200,,,"FITZPATRICK, Brian K.",F000466,1973.0,,0.141,-0.114,-120.65018,0.80076,543,47,,0.165,-0.221
119,House,21745,14,11,PA,200,,,"SMUCKER, Lloyd K.",S001199,1964.0,,0.455,0.129,-25.80653,0.95274,533,11,,0.507,0.135
119,House,21762,14,5,PA,100,,,"SCANLON, Mary Gay",S001205,1959.0,,-0.46,-0.213,-16.12965,0.97063,541,7,,-0.55,-0.177
119,House,21915,14,4,PA,100,,,"DEAN, Madeleine",D000631,1959.0,,-0.441,-0.062,-16.91016,0.96928,542,5,,-0.442,0.012
119,House,21934,14,6,PA,100,,,"HOULAHAN, Christina",H001085,1967.0,,-0.258,0.215,-52.01017,0.90736,535,20,,-0.244,0.073
119,House,21936,14,13,PA,200,,,"JOYCE, John",J000302,1957.0,,0.582,-0.047,-48.07378,0.91601,548,23,,0.682,-0.089
119,House,21945,14,9,PA,200,,,"MEUSER, Dan",M001204,1964.0,,0.491,0.201,-35.63763,0.93401,522,15,,0.477,0.298
119,House,21956,14,14,PA,200,,,"RESCHENTHALER, Guy",R000610,1983.0,,0.447,0.06,-20.69372,0.96192,533,10,,0.561,0.258
119,House,22316,14,17,PA,100,,,"DELUZIO, Chris",D000530,1984.0,,-0.262,-0.157,-37.9832,0.93315,549,15,,-0.299,-0.206
119,House,22342,14,12,PA,100,,,"LEE, Summer",L000602,1987.0,,-0.45,-0.893,-15.52495,0.97212,549,4,,-0.576,-0.806
119,House,22506,14,8,PA,200,,,"BRESNAHAN, Robert P., Jr.",B001327,1990.0,,0.257,0.061,-47.83915,0.91611,546,23,,0.257,0.06
119,House,22533,14,7,PA,200,,,"MACKENZIE, Ryan",M001230,1982.0,,0.322,-0.121,-67.0356,0.88326,540,28,,0.321,-0.122
119,House,22560,92,0,PR,100,,,"HERNÁNDEZ, Pablo José",H001103,1991.0,,-0.507,-0.455,-0.61062,0.99156,72,0,,-0.47,-0.488
119,House,22345,5,2,RI,100,,,"MAGAZINER, Seth",M001223,1983.0,,-0.308,0.117,-40.2971,0.92758,536,21,,-0.259,-0.059
119,House,22375,5,1,RI,100,,,"AMO, Gabe",A000380,1987.0,,-0.425,-0.062,-22.58055,0.9597,549,11,,-0.356,-0.181
119,House,20138,48,2,SC,200,,,"WILSON, Joe",W000795,1947.0,,0.529,0.163,-39.82722,0.9264,521,12,,0.477,0.148
119,House,21753,48,5,SC,200,,,"NORMAN, Ralph",N000190,1953.0,,0.854,-0.379,-26.79659,0.94657,488,12,,0.946,-0.323
119,House,21974,48,4,SC,200,,,"TIMMONS, William",T000480,1984.0,,0.6,0.052,-34.45475,0.93841,542,16,,0.612,0.024
119,House,22132,48,1,SC,200,,,"MACE, Nancy",M000194,1977.0,,0.352,-0.299,-70.15039,0.85856,460,33,,0.486,-0.354
119,House,22322,48,7,SC,200,,,"FRY, Russell",F000478,1985.0,,0.551,-0.272,-49.27557,0.9137,546,22,,0.649,-0.238
119,House,22505,48,3,SC,200,,,"BIGGS, Sheri",B001325,1970.0,,0.828,-0.271,-35.17096,0.93795,549,13,,0.828,-0.272
119,House,39301,48,6,SC,100,,,"CLYBURN, James Enos",C000537,1940.0,,-0.466,0.247,-27.92451,0.94978,542,9,,-0.493,0.358
119,House,21935,37,1,SD,200,,,"JOHNSON, Dustin (Dusty)",J000301,1976.0,,0.468,0.147,-24.22473,0.95507,527,11,,0.595,0.491
119,House,20748,54,9,TN,100,,,"COHEN, Stephen",C001068,1949.0,,-0.389,-0.288,-29.51943,0.94502,522,13,,-0.333,-0.19
119,House,21178,54,3,TN,200,,,"FLEISCHMANN, Chuck",F000459,1962.0,,0.431,0.394,-15.18124,0.97268,548,7,,0.399,0.418
119,House,21179,54,4,TN,200,,,"DESJARLAIS, Scott",D000616,1964.0,,0.578,-0.038,-29.30495,0.94621,530,12,,0.557,0.09
119,House,21731,54,8,TN,200,,,"KUSTOFF, David",K000392,1966.0,,0.541,0.335,-22.70215,0.95927,546,8,,0.503,0.206
119,House,21905,54,2,TN,200,,,"BURCHETT, Timothy",B001309,1964.0,,0.663,-0.457,-72.15288,0.87383,535,30,,0.652,-0.643
119,House,21926,54,7,TN,200,,,"GREEN, Mark E.",G000590,1964.0,,0.671,0.018,-7.42224,0.9465,135,4,,0.846,0.355
119,House,21959,54,6,TN,200,,,"ROSE, John",R000612,1965.0,,0.655,0.091,-51.71715,0.90585,523,14,,0.503,-0.105
119,House,22122,54,1,TN,200,,,"HARSHBARGER, Diana",H001086,1960.0,,0.677,-0.13,-52.83573,0.90744,544,18,,0.713,-0.267
119,House,22357,54,5,TN,200,,,"OGLES, Andy",O000175,1971.0,,0.751,-0.393,-35.85548,0.93224,511,15,,0.687,-0.423
119,House,22566,54,7,TN,200,,,"VAN EPPS, MATT",V000139,,,0.629,0.772,-5.17265,0.9825,293,2,,0.629,0.772
119,House,20356,49,31,TX,200,,,"CARTER, John R.",C001051,1941.0,,0.487,0.548,-27.87329,0.94969,540,15,,0.52,0.398
119,House,20529,49,9,TX,100,,,"GREEN, Al",G000553,1947.0,,-0.448,0.256,-35.45586,0.93668,542,11,,-0.515,-0.359
119,House,20530,49,10,TX,200,,,"MCCAUL, Michael T.",M001157,1962.0,,0.409,0.18,-27.08509,0.94612,489,10,,0.315,0.504
119,House,20533,49,28,TX,100,,,"CUELLAR, Henry",C001063,1955.0,,-0.225,0.658,-122.47558,0.79774,542,63,,-0.188,0.92
119,House,21360,49,14,TX,200,,,"WEBER, Randy",W000814,1953.0,,0.721,0.039,-33.90015,0.93882,537,18,,0.635,0.096
119,House,21362,49,20,TX,100,,,"CASTRO, Joaquin",C001091,1974.0,,-0.402,-0.143,-23.70342,0.95642,532,10,,-0.434,-0.549
119,House,21364,49,25,TX,200,,,"WILLIAMS, Roger",W000816,1949.0,,0.593,0.068,-31.58438,0.94215,530,14,,0.515,0.144
119,House,21365,49,33,TX,100,,,"VEASEY, Marc",V000131,1971.0,,-0.409,0.375,-61.64595,0.89174,538,26,,-0.514,0.854
119,House,21551,49,36,TX,200,,,"BABIN, Brian",B001291,1948.0,,0.709,0.134,-33.44825,0.94005,541,16,,0.668,0.321
119,House,21700,49,19,TX,200,,,"ARRINGTON, Jodey Cook",A000375,1972.0,,0.646,-0.001,-47.68312,0.91396,530,19,,0.721,0.109
119,House,21722,49,34,TX,100,,,"GONZALEZ, Vicente, Jr.",G000581,1967.0,,-0.386,0.923,-122.44498,0.79162,524,71,,-0.286,0.958
119,House,21758,49,27,TX,200,,,"CLOUD, Michael",C001115,1975.0,,0.689,-0.382,-60.7261,0.89419,543,26,,0.773,-0.459
119,House,21911,49,2,TX,200,,,"CRENSHAW, Daniel",C001120,1984.0,,0.436,0.254,-28.83986,0.94406,501,11,,0.491,0.111
119,House,21917,49,16,TX,100,,,"ESCOBAR, Veronica",E000299,1969.0,,-0.464,-0.288,-23.72127,0.95725,543,10,,-0.393,-0.43
119,House,21919,49,7,TX,100,,,"FLETCHER, Elizabeth",F000468,1975.0,,-0.544,0.839,-98.95163,0.83369,544,32,,-0.818,0.575
119,House,21922,49,29,TX,100,,,"GARCIA, Sylvia",G000587,1950.0,,-0.764,0.311,-20.63681,0.96109,520,8,,-0.686,0.271
119,House,21925,49,5,TX,200,,,"GOODEN, Lance",G000589,1982.0,,0.718,-0.037,-57.97555,0.89926,546,24,,0.626,0.003
119,House,21961,49,21,TX,200,,,"ROY, Charles",R000614,1972.0,,0.8,-0.6,-45.6542,0.91595,520,21,,0.8,-0.6
119,House,22112,49,4,TX,200,,,"FALLON, Pat",F000246,1967.0,,0.714,0.126,-34.95424,0.93754,542,13,,0.706,0.155
119,House,22119,49,23,TX,200,,,"GONZALES, Tony",G000594,1980.0,,0.35,0.23,-18.80989,0.95004,367,9,,0.585,0.49
119,House,22125,49,13,TX,200,,,"JACKSON, Ronny",J000304,1967.0,,0.787,0.168,-43.67467,0.92147,534,19,,0.911,0.401
119,House,22143,49,22,TX,200,,,"NEHLS, Troy E.",N000026,1968.0,,0.61,-0.231,-30.73762,0.94195,514,10,,0.59,-0.188
119,House,22147,49,11,TX,200,,,"PFLUGER, August",P000048,1977.0,,0.634,0.384,-21.3645,0.96163,546,7,,0.582,0.432
119,House,22155,49,24,TX,200,,,"VAN DUYNE, Beth",V000134,1970.0,,0.605,-0.003,-36.44885,0.93519,544,18,,0.62,-0.028
119,House,22160,49,6,TX,200,,,"ELLZEY, Jake",E000071,1970.0,,0.511,0.699,-15.77297,0.97142,544,6,,0.419,0.717
119,House,22307,49,35,TX,100,,,"CASAR, Greg",C001131,1989.0,,-0.429,-0.862,-9.69882,0.97975,474,2,,-0.542,-0.77
119,House,22312,49,30,TX,100,,,"CROCKETT, Jasmine",C001130,1981.0,,-0.495,-0.218,-11.71601,0.97759,517,3,,-0.48,-0.258
119,House,22315,49,15,TX,200,,,"DE LA CRUZ, Monica",D000594,1974.0,,0.472,0.127,-30.7638,0.94245,519,16,,0.51,0.082
119,House,22328,49,38,TX,200,,,"HUNT, Wesley",H001095,1981.0,,0.605,-0.259,-23.78463,0.94582,427,5,,0.63,-0.207
119,House,22344,49,8,TX,200,,,"LUTTRELL, Morgan",L000603,1975.0,,0.587,-0.072,-45.50607,0.91933,541,20,,0.554,-0.168
119,House,22352,49,1,TX,200,,,"MORAN, Nathaniel",M001224,1974.0,,0.586,0.566,-19.01172,0.96534,539,11,,0.654,0.529
119,House,22364,49,3,TX,200,,,"SELF, Keith",S001224,1953.0,,0.81,-0.343,-87.0253,0.85116,540,38,,0.769,-0.603
119,House,22517,49,26,TX,200,,,"GILL, Brandon",G000603,1994.0,,0.784,-0.248,-46.3136,0.91766,539,22,,0.784,-0.248
119,House,22519,49,12,TX,200,,,"GOLDMAN, Craig A.",G000601,1968.0,,0.803,0.55,-25.49731,0.95438,546,10,,0.803,0.55
119,House,22528,49,32,TX,100,,,"JOHNSON, Julie",J000310,1966.0,,-0.35,0.234,-43.48227,0.9218,534,16,,-0.35,0.236
119,House,22557,49,18,TX,100,,,"TURNER, Sylvester",T000489,1954.0,2025.0,-0.746,0.666,-2.80447,0.93062,39,1,,-0.937,0.348
119,House,22567,49,18,TX,100,,,"MENEFEE, Christian D.",M001245,1988.0,,-0.552,-0.315,-5.95385,0.96978,194,3,,-0.552,-0.315
119,House,29571,49,37,TX,100,,,"DOGGETT, Lloyd Alton, II",D000399,1946.0,,-0.403,-0.334,-16.80277,0.96902,534,7,,-0.406,-0.495
119,House,29759,49,17,TX,200,,,"SESSIONS, Pete",S000250,1955.0,,0.583,0.176,-29.31714,0.94791,548,9,,0.519,0.252
119,House,22141,67,1,UT,200,,,"MOORE, Blake D.",M001213,1980.0,,0.37,0.324,-27.42022,0.95111,547,12,,0.425,0.307
119,House,22146,67,4,UT,200,,,"OWENS, Burgess",O000086,1951.0,,0.452,0.166,-25.89969,0.95334,542,11,,0.449,0.181
119,House,22376,67,2,UT,200,,,"MALOY, Celeste",M001228,1981.0,,0.417,0.09,-39.97515,0.9294,546,14,,0.406,0.115
119,House,22529,67,3,UT,200,,,"KENNEDY, Mike",K000403,1969.0,,0.654,-0.268,-52.81912,0.90682,540,22,,0.653,-0.269
119,House,22301,6,1,VT,100,,,"BALINT, Becca",B001318,1968.0,,-0.442,-0.487,-11.82732,0.97857,546,4,,-0.418,-0.527
119,House,21994,96,0,VI,100,,,"PLASKETT, Stacey E.",P000610,1966.0,,-0.473,0.565,-3.70902,0.90701,38,1,,-0.766,0.643
119,House,20756,40,1,VA,200,,,"WITTMAN, Robert J.",W000804,1959.0,,0.446,0.032,-33.22681,0.93989,536,14,,0.411,0.27
119,House,20952,40,11,VA,100,,,"CONNOLLY, Gerald E. (Gerry)",C001078,1950.0,2025.0,-0.309,-0.047,-4.55046,0.93875,72,1,,-0.313,-0.72
119,House,21191,40,9,VA,200,,,"GRIFFITH, H. Morgan",G000568,1958.0,,0.51,-0.33,-60.3355,0.89538,546,29,,0.47,-0.169
119,House,21554,40,8,VA,100,,,"BEYER, Donald Sternoff Jr.",B001292,1950.0,,-0.392,-0.118,-25.63377,0.95322,535,11,,-0.382,-0.36
119,House,21908,40,6,VA,200,,,"CLINE, Benjamin",C001118,1972.0,,0.713,-0.204,-32.51195,0.94219,546,11,,0.697,-0.209
119,House,22335,40,2,VA,200,,,"KIGGANS, Jennifer",K000399,1971.0,,0.264,0.474,-24.11219,0.95664,544,11,,0.274,0.581
119,House,22374,40,4,VA,100,,,"MCCLELLAN, Jennifer",M001227,1972.0,,-0.555,0.077,-13.09693,0.9763,546,6,,-0.556,0.146
119,House,22539,40,5,VA,200,,,"MCGUIRE, John J., III",M001239,1968.0,,0.727,-0.126,-54.18159,0.9052,544,20,,0.727,-0.127
119,House,22554,40,10,VA,100,,,"SUBRAMANYAM, Suhas",S001230,1986.0,,-0.235,-0.273,-35.15323,0.93742,544,17,,-0.235,-0.272
119,House,22558,40,7,VA,100,,,"VINDMAN, Eugene Simon",V000138,1975.0,,-0.175,0.123,-57.90533,0.89903,544,21,,-0.175,0.128
119,House,22564,40,11,VA,100,,,"WALKINSHAW, James R.",W000831,,,-0.421,0.249,-14.92652,0.95813,349,9,,-0.421,0.251
119,House,39307,40,3,VA,100,,,"SCOTT, Robert C.",S000185,1947.0,,-0.45,-0.005,-19.25125,0.96548,548,7,,-0.459,-0.173
119,House,20145,73,2,WA,100,,,"LARSEN, Richard Ray (Rick)",L000560,1965.0,,-0.365,0.166,-35.0647,0.9361,531,13,,-0.385,0.208
119,House,21556,73,4,WA,200,,,"NEWHOUSE, Daniel Milton",N000189,1955.0,,0.317,0.339,-22.70515,0.95883,540,9,,0.287,0.592
119,House,21726,73,7,WA,100,,,"JAYAPAL, Pramila",J000298,1965.0,,-0.608,-0.581,-20.38517,0.96082,510,9,,-0.439,-0.861
119,House,21962,73,8,WA,100,,,"SCHRIER, Kim",S001216,1968.0,,-0.275,0.363,-52.62707,0.90763,543,21,,-0.232,0.141
119,House,22153,73,10,WA,100,,,"STRICKLAND, Marilyn",S001159,1962.0,,-0.443,0.352,-28.25255,0.94884,538,12,,-0.409,0.209
119,House,22358,73,3,WA,100,,,"PEREZ, Marie Gluesenkamp",G000600,1988.0,,-0.1,0.38,-128.2943,0.78957,543,39,,-0.146,0.57
119,House,22502,73,5,WA,200,,,"BAUMGARTNER, Michael",B001322,1975.0,,0.583,0.399,-20.55498,0.96238,536,7,,0.583,0.399
119,House,22548,73,6,WA,100,,,"RANDALL, Emily",R000621,1985.0,,-0.566,-0.318,-14.36558,0.97341,533,6,,-0.566,-0.318
119,House,29768,73,9,WA,100,,,"SMITH, Adam",S000510,1965.0,,-0.291,-0.166,-26.92746,0.951,536,10,,-0.366,-0.129
119,House,31101,73,1,WA,100,,,"DELBENE, Suzan K.",D000617,1962.0,,-0.296,-0.192,-22.40413,0.95943,541,10,,-0.403,0.111
119,House,21946,56,1,WV,200,,,"MILLER, Carol",M001205,1950.0,,0.53,0.109,-32.14667,0.94082,527,11,,0.672,0.29
119,House,22543,56,2,WV,200,,,"MOORE, Riley M.",M001235,1980.0,,0.538,-0.265,-80.16461,0.8618,539,36,,0.538,-0.265
119,House,20537,25,4,WI,100,,,"MOORE, Gwendolynne S. (Gwen)",M001160,1951.0,,-0.52,-0.273,-21.44867,0.96077,536,10,,-0.43,-0.376
119,House,21370,25,2,WI,100,,,"POCAN, Mark",P000607,1964.0,,-0.521,-0.553,-15.4749,0.9719,543,7,,-0.459,-0.532
119,House,21559,25,6,WI,200,,,"GROTHMAN, Glenn",G000576,1955.0,,0.601,-0.198,-57.47575,0.8985,537,27,,0.682,-0.048
119,House,21970,25,1,WI,200,,,"STEIL, Bryan",S001213,1981.0,,0.421,0.073,-24.80538,0.95551,545,10,,0.518,0.288
119,House,21989,25,7,WI,200,,,"TIFFANY, Thomas P.",T000165,1957.0,,0.641,-0.255,-43.66368,0.9199,523,17,,0.651,-0.293
119,House,22115,25,5,WI,200,,,"FITZGERALD, Scott",F000471,1963.0,,0.598,0.082,-31.59102,0.94368,545,15,,0.583,0.056
119,House,22370,25,3,WI,200,,,"VAN ORDEN, Derrick",V000135,1969.0,,0.379,-0.035,-55.8466,0.89472,502,23,,0.401,-0.096
119,House,22383,25,8,WI,200,,,"WIED, Tony",W000829,1976.0,,0.54,-0.234,-37.77573,0.93292,544,12,,0.579,-0.19
119,House,22325,68,1,WY,200,,,"HAGEMAN, Harriet",H001096,1962.0,,0.64,-0.357,-58.72624,0.89838,548,23,,0.613,-0.317
